{
    "AAPL":{
        "highest_price":260.1000061035,
        "lowest_price":0.1927982346,
        "growth_2020_percent":78.23992904,
        "sector":"technology"
    },
    "ABNB":{
        "highest_price":219.9400024414,
        "lowest_price":81.9100036621,
        "growth_2020_percent":null,
        "sector":"hospitality"
    },
    "ADBE":{
        "highest_price":699.5399780273,
        "lowest_price":8.2131926944,
        "growth_2020_percent":49.5440020543,
        "sector":"technology"
    },
    "ADDYY":{
        "highest_price":194.7008889354,
        "lowest_price":10.6227740667,
        "growth_2020_percent":12.0369985422,
        "sector":"apparel"
    },
    "AEO":{
        "highest_price":36.7062519114,
        "lowest_price":1.4484939623,
        "growth_2020_percent":41.8649398886,
        "sector":"apparel"
    },
    "AMD":{
        "highest_price":227.3000030518,
        "lowest_price":1.6100000143,
        "growth_2020_percent":86.7820813331,
        "sector":"technology"
    },
    "AMZN":{
        "highest_price":242.5200042725,
        "lowest_price":0.2754999995,
        "growth_2020_percent":71.5970948318,
        "sector":"e-commerce"
    },
    "AXP":{
        "highest_price":326.2699890137,
        "lowest_price":7.729691236,
        "growth_2020_percent":-2.5479457359,
        "sector":"finance"
    },
    "BAMXF":{
        "highest_price":126.0,
        "lowest_price":17.6113558667,
        "growth_2020_percent":12.5808572063,
        "sector":"automotive"
    },
    "CL":{
        "highest_price":109.3000030518,
        "lowest_price":12.2198557125,
        "growth_2020_percent":28.5128002417,
        "sector":"consumer goods"
    },
    "CMG":{
        "highest_price":3463.0700683594,
        "lowest_price":36.8600006104,
        "growth_2020_percent":61.5854247885,
        "sector":"food"
    },
    "COIN":{
        "highest_price":368.8999938965,
        "lowest_price":31.5499992371,
        "growth_2020_percent":null,
        "sector":"cryptocurrency"
    },
    "COST":{
        "highest_price":1078.2299804688,
        "lowest_price":17.9517492594,
        "growth_2020_percent":33.7723292105,
        "sector":"retail"
    },
    "CRM":{
        "highest_price":369.0,
        "lowest_price":2.25,
        "growth_2020_percent":33.2594715008,
        "sector":"technology"
    },
    "CROX":{
        "highest_price":183.8800048828,
        "lowest_price":0.7900000215,
        "growth_2020_percent":50.0838319698,
        "sector":"footwear"
    },
    "CSCO":{
        "highest_price":66.5,
        "lowest_price":5.6351653154,
        "growth_2020_percent":-5.1010092133,
        "sector":"technology"
    },
    "DAL":{
        "highest_price":69.9800033569,
        "lowest_price":3.1112118609,
        "growth_2020_percent":-31.4229914622,
        "sector":"aviation"
    },
    "DIS":{
        "highest_price":203.0200042725,
        "lowest_price":10.6132164364,
        "growth_2020_percent":22.2537087764,
        "sector":"entertainment"
    },
    "FDX":{
        "highest_price":313.8399963379,
        "lowest_price":25.8122883457,
        "growth_2020_percent":69.9007088532,
        "sector":"logistics"
    },
    "FL":{
        "highest_price":64.0522690523,
        "lowest_price":2.3353246564,
        "growth_2020_percent":9.595685685,
        "sector":"footwear"
    },
    "GOOGL":{
        "highest_price":207.0500030518,
        "lowest_price":2.8415920734,
        "growth_2020_percent":28.0533159059,
        "sector":"technology"
    },
    "HD":{
        "highest_price":439.3699951172,
        "lowest_price":11.7174657117,
        "growth_2020_percent":23.7761660765,
        "sector":"retail"
    },
    "HLT":{
        "highest_price":275.2200012207,
        "lowest_price":31.7258112758,
        "growth_2020_percent":-0.0172794261,
        "sector":"hospitality"
    },
    "HMC":{
        "highest_price":37.9000015259,
        "lowest_price":9.9758057759,
        "growth_2020_percent":1.1446792321,
        "sector":"automotive"
    },
    "HSY":{
        "highest_price":274.3098385341,
        "lowest_price":11.541565901,
        "growth_2020_percent":8.1185152102,
        "sector":"food & beverage"
    },
    "JNJ":{
        "highest_price":179.109289531,
        "lowest_price":18.0583230109,
        "growth_2020_percent":10.7477502133,
        "sector":"healthcare"
    },
    "JPM":{
        "highest_price":280.25,
        "lowest_price":8.4545408221,
        "growth_2020_percent":-6.6663096592,
        "sector":"finance"
    },
    "JWN":{
        "highest_price":61.5040113761,
        "lowest_price":3.9670771429,
        "growth_2020_percent":-21.1848100571,
        "sector":"retail"
    },
    "KO":{
        "highest_price":74.3799972534,
        "lowest_price":10.1420067423,
        "growth_2020_percent":3.1399759735,
        "sector":"food & beverage"
    },
    "LOGI":{
        "highest_price":135.844345163,
        "lowest_price":3.26854698,
        "growth_2020_percent":106.4412530482,
        "sector":"technology"
    },
    "LUV":{
        "highest_price":63.7419595941,
        "lowest_price":4.4826503365,
        "growth_2020_percent":-14.6801910364,
        "sector":"aviation"
    },
    "LVMUY":{
        "highest_price":200.7599945068,
        "lowest_price":5.965685499,
        "growth_2020_percent":35.5050368249,
        "sector":"luxury goods"
    },
    "MA":{
        "highest_price":584.2899780273,
        "lowest_price":4.0201274144,
        "growth_2020_percent":18.2848347278,
        "sector":"finance"
    },
    "MAR":{
        "highest_price":307.5199890137,
        "lowest_price":9.477621777,
        "growth_2020_percent":-12.5691817981,
        "sector":"hospitality"
    },
    "MCD":{
        "highest_price":326.3200073242,
        "lowest_price":6.9843833093,
        "growth_2020_percent":9.5341195993,
        "sector":"food"
    },
    "MMM":{
        "highest_price":210.1997615622,
        "lowest_price":20.6566577651,
        "growth_2020_percent":0.72131905,
        "sector":"manufacturing"
    },
    "MSFT":{
        "highest_price":468.3500061035,
        "lowest_price":11.1182166901,
        "growth_2020_percent":39.9428623094,
        "sector":"technology"
    },
    "NFLX":{
        "highest_price":1196.5,
        "lowest_price":0.3464289904,
        "growth_2020_percent":63.9519676394,
        "sector":"entertainment"
    },
    "NKE":{
        "highest_price":175.2090636111,
        "lowest_price":2.5051340509,
        "growth_2020_percent":39.7438419401,
        "sector":"apparel"
    },
    "NTDOY":{
        "highest_price":21.8999996185,
        "lowest_price":1.3074760925,
        "growth_2020_percent":58.847907189,
        "sector":"gaming"
    },
    "NVDA":{
        "highest_price":502.6185987972,
        "lowest_price":0.5504554572,
        "growth_2020_percent":118.0241092961,
        "sector":"technology"
    },
    "PG":{
        "highest_price":180.4299926758,
        "lowest_price":14.1175286182,
        "growth_2020_percent":15.5307504584,
        "sector":"consumer goods"
    },
    "PHG":{
        "highest_price":57.7622908209,
        "lowest_price":7.3154892823,
        "growth_2020_percent":9.5228455679,
        "sector":"technology"
    },
    "PINS":{
        "highest_price":89.9000015259,
        "lowest_price":10.1000003815,
        "growth_2020_percent":250.5319372352,
        "sector":"social media"
    },
    "PMMAF":{
        "highest_price":600.0410750183,
        "lowest_price":14.880464583,
        "growth_2020_percent":57.7428538685,
        "sector":"apparel"
    },
    "POAHY":{
        "highest_price":11.1035207881,
        "lowest_price":2.1865787308,
        "growth_2020_percent":-2.7494926662,
        "sector":"automotive"
    },
    "PTON":{
        "highest_price":171.0899963379,
        "lowest_price":2.7000000477,
        "growth_2020_percent":410.1546818707,
        "sector":"fitness"
    },